{"load10":{"input_rates":[17.9333333333,17.8666666667,18.0],"latencies":[325,261,324,332,287,315,392,348,323,296,290,295,352,356,251,266,319,308,281,334,449,289,351,320,279,394,243,355,319,307,292,288,313,269,299,306,313,339,320,318,327,267,342,296,321,318,251,329,295,543,417,452,331,306,374,259,266,318,249,325,417,296,312,491,335,286,309,361,301,369,280,264,336,305,261,252,283,494,297,296,308,510,329,270,301,276,304,271,270,339,285,321,286,301,780,319,306,282,300,687,325,344,419,882,343,297,314,276,600,284,299,296,732,376,258,639,301,338,332,277,305,315,314,338,306,323,308,361,265,308,302,330,276,300,321,286,766,273,324,295,257,371,310,303,283,306,627,912,307,348,719,255,312,333,318,332,311,279,249,899,405,292,271,760,273,282,296,788,259,308,1224,277,326,349,246,922,320,334,253,266,305,325,844,365,617,377,323,354,276,317,414,331,316,312,771,307,285,305,1157,378,281,944,360,546,342,1064,758,396,300,289,336,273,301,307,314,336,288,307,291,270,329,312,339,374,295,290,276,307,325,896,274,340,318,528,335,282,372,325,332,288,263,265,314,938,353,326,319,303,1005,360,355,351,321,1258,303,1119,407,287,306,366,423,368,317,354,291,332,1383,264,332,332,367,364,310,300,453,337,364,315,1480,340,289,363,297,312,287,384,303,299,311,287,292,479,296,1263,322,309,381,336,485,355,402,479,264,335,321,284,310,300,345,360,346,331,296,322,281,277,286,345,293,1136,304,271,331,286,301,336,485,259,284,323,301,336,299,418,367,317,268,1770,347,294,309,325,408,355,330,1292,278,315,309,294,300,263,1074,303,335,348,293,345,1012,296,360,287,316,300,291,389,325,463,368,260,319,299,261,332,265,301,412,268,364,1023,331,615,1122,1182,352,307,298,323,344,363,2018,394,302,360,323,353,365,374,340,415,259,1438,342,345,294,315,261,401,285,1570,346,323,312,330,327,2071,367,506,308,815,337,306,335,285,322,1476,354,258,1805,2132,510,336,279,338,331,312,280,306,306,295,1526,334,324,310,323,329,335,286,1101,269,286,308,266,320,284,433,308,2186,1950,544,282,458,260,310,325,311,275,301,320,298,315,314,381,2415,549,293,298,278,319,338,353,343,316,352,306,305,304,397,1363,1428,354,331,1437,312,262,322,340,300,313,316,301,339,2091,2614,300,351,2360,468,279,322,2395,436,355,326,350,293,336,304,299,321,539,313,346,268,316,382,315,320,323,346,1850,320,464,285,270,341,288,348,297,1687,348,261,324,298,364,1943,328,286,287,1640,3357,317,306,264,269,377,489,344,307,726,267,2509,337,315,764,297,316,294,503,313,366,284,273,317,268,328,2368,317,1497,361,2351,1812,301,1672,329,337,328,278,253,347,726,299,278,2454,309,1757,622,302,260,349,319,2371,1402,326,337,255,253,2534,303,308,539,310,325,283,338,321,311,297,260,312,335,683,255,855,482,315,290,265,284,282,266,290,322,322,1959,345,295,2301,350,282,294,260,1761,532,289,315,301,372,2606,2104,384,320,310,292,280,314,285,318,452,315,326,282,2649,322,347,316,288,306,354,408,2587,313,315,304,289,325,278,280,290,272,322,312,271,348,407,349,317,279,326,327,560,383,256,365,296,323,306,2579,344,338,285,2035,285,321,255,305,331,305,336,277,275,330,355,509,2569,321,353,282,252,414,1962,351,318,318,273,261,306,2581,344,289,334,288,272,334,286,257,315,2360,390,355,302,1982,2352,300,297,312,299,283,2316,340,297,313,2967,383,361,271,441,303,278,263,294,312,357,276,316,382,294,307,283,262,793,310,2128,2786,323,300,283,289,292,301,308,306,326,283,936,295,278,1058,299,585,317,405,293,333,288,277,304,292,315,303,324,948,311,319,281,336,319],"throughput_rates":[0.0,0.0,0.0,0.0,0.0,0.0,0.0,0.0,0.0,0.0,0.525021,0.0,0.0,0.0,0.0,0.0,0.0,0.0,0.0,0.0,0.0,0.0,0.0,0.0,0.0,1.92659,0.0,0.0,0.0,0.0,0.871035,0.0,0.0,0.0,0.0,0.0,0.0,0.0,0.0,0.0,0.0,0.0,0.0,0.0,0.0,0.0,0.0,3.87659,0.0,0.0,0.0,0.0,0.0,0.0,3.20105,0.0,2.82932,0.0,0.0,0.0,0.0,0.0,0.0,0.0,0.0,0.0,0.0,0.0,3.26103,0.0,0.0,0.0,0.0,3.83488,0.0,3.90763,0.0,0.0,0.0,0.0,0.0,0.0,0.0,0.0,0.0,6.84364,0.0,0.0,0.0,0.0,0.0,4.77233,3.24834,0.0,0.0,0.0,0.0,4.8356,0.0,6.32747,0.0,0.0,0.0,3.91132,0.0,0.0,0.0,0.0,0.0,0.0,0.0,0.0,0.0,0.0,0.0,0.0,0.0,0.0,0.0,0.0,0.0,0.0,0.0,0.0,5.12405,0.0,0.0,0.0,0.0,0.0,0.0,0.0,0.0,8.59654,0.0,0.0,0.0,0.0,0.0,11.0339,0.0,0.0,0.0,0.0,0.0,0.0,0.0,0.0,0.0,0.0,0.0,0.0,0.0,0.0,0.0,0.0,0.0,0.0,0.0,0.0,0.0,0.0,0.0,0.0,0.0,0.0,0.0,0.0,0.0,0.0,0.0,0.0,0.0,0.0,0.0,0.0,6.7658,0.0,0.0,7.22236,0.0,0.0,0.0,0.0,0.0,0.0,0.0,0.0,0.0,0.0,0.0,7.84881,0.0,0.0,0.0,12.7964,0.0,0.0,0.0,0.0,0.0,0.0,0.0,0.0,0.0,0.0,0.0,0.0,0.0,0.0,0.0,0.0,0.0,0.0,12.1106,0.0,0.0,0.0,0.0,0.0,12.4072,0.0,0.0,0.0,8.55659,0.0,0.0,0.0,0.0,12.6108,0.0,0.0,0.0,0.0,0.0,0.0,0.0,0.0,0.0,0.0,0.0,0.0,0.0,0.0,9.02159,0.0,9.00891,0.0,0.0,0.0,0.0,15.3714,0.0,14.3042,0.0,14.2846,0.0,0.0,0.0,0.0,0.0,0.0,0.0,0.0,0.0,14.4335,0.0,0.0,0.0,0.0,0.0,0.0,0.0,0.0,0.0,13.6906,0.0,0.0,0.0,0.0,0.0,0.0,0.0,0.0,0.0,0.0,0.0,0.0,15.5679,10.9685,17.4658,0.0,0.0,0.0,0.0,0.0,0.0,0.0,0.0,0.0,0.0,11.3173,0.0,0.0,0.0,0.0,0.0,0.0,0.0,0.0,0.0,0.0,0.0,0.0,0.0,0.0,0.0,17.1616,0.0,0.0,0.0,17.1807,0.0,0.0,19.0451,0.0,0.0,0.0,0.0,0.0,0.0,16.3962,0.0,0.0,0.0,16.6798,0.0,0.0,0.0,0.0,0.0,0.0,0.0,0.0,0.0,0.0,0.0,0.0,0.0,0.0,0.0,0.0,0.0,0.0,0.0,0.0,0.0,20.4313,0.0,0.0,14.0919,0.0,0.0,0.0,0.0,0.0,0.0,0.0,0.0,0.0,0.0,14.977,0.0,0.0,15.1691,0.0,20.8204,0.0,0.0,0.0,0.0,0.0,0.0,0.0,0.0,0.0,15.7294,0.0,0.0,0.0,0.0,0.0,0.0,0.0,0.0,0.0,0.0,0.0,0.0,0.0,0.0,0.0,0.0],"latencies_stats":{"min":243,"max":3357,"mean":478.9615861214,"median":319.0,"std":478.9458760443},"throughput_rates_stats":{"min":0.0,"max":20.8204,"mean":1.2217411811,"median":0.0,"std":3.8469071483}},"load50":{"input_rates":[18.6,17.9333333333,17.6666666667],